{"cameraMode":{"drawMode":0,"name":"Shaded","section":"Shading Mode"},"sceneLighting":true,"audioPlay":false,"sceneViewState":{"m_AlwaysRefresh":false,"showFog":true,"showSkybox":true,"showFlares":true,"showImageEffects":true,"showParticleSystems":true,"showVisualEffectGraphs":true,"m_FxEnabled":true},"in2DMode":false,"pivot":{"x":1.859592318534851,"y":12.497978210449219,"z":191.14842224121095},"rotation":{"x":0.021257251501083375,"y":-0.9738280773162842,"z":0.2017771154642105,"w":0.10260548442602158},"size":1.8632127046585084,"orthographic":false}